Area_sqft,Price_lakh
500,33.98
550,33.56
600,40.24
650,47.37
700,41.33
750,44.08
800,55.9
850,54.59
900,51.15
950,58.96
1000,56.68
1050,59.42
1100,65.71
1150,57.68
1200,61.38
1250,69.94
1300,70.44
1350,79.82
1400,76.46
1450,76.69
1500,93.83
1550,88.12
1600,92.34
1650,87.63
1700,94.78
1750,100.8
1800,97.25
1850,107.63
1900,105.5
1950,109.79
2000,110.99
2050,126.01
2100,119.43
2150,116.96
2200,129.11
2250,121.65
2300,131.54
2350,123.45
2400,129.36
2450,139.73
2500,145.19
2550,145.11
2600,146.42
2650,148.24
2700,145.11
2750,151.65
2800,155.7
2850,166.04
2900,165.22
2950,157.43
3000,170.62
3050,169.82
3100,171.12
3150,180.31
3200,185.15
3250,187.41
3300,181.3
3350,186.7
3400,192.66
3450,198.63
3500,194.1
3550,198.32
3600,196.47
3650,198.77
3700,211.56
3750,217.03
3800,212.64
3850,220.77
3900,220.31
3950,218.02
4000,225.81
4050,234.44
4100,229.32
4150,240.07
4200,221.9
4250,241.86
4300,240.94
4350,241.75
4400,246.46
4450,238.81
4500,250.4
4550,256.04
4600,264.39
4650,257.16
4700,258.46
4750,262.74
4800,272.58
4850,272.39
4900,270.85
4950,278.82
5000,279.49
5050,286.59
5100,280.99
5150,285.61
5200,288.04
5250,285.43
5300,296.98
5350,299.56
5400,301.03
5450,302.58
